voltaje,temperatura,humedad_referencia
2.0627,21.96,47.43
2.743,24.89,60.344
2.4392,27.31,57.242
1.063,29.72,39.133
1.2504,24.25,39.194
2.6839,27.38,61.88
0.5132,27.26,29.224
2.5531,26.06,57.538
2.4927,25.83,58.159
1.6698,28.42,47.706
1.2576,23.41,38.855
1.1961,23.64,38.209
1.1372,24.9,37.567
1.6127,22.33,44.76
1.7614,20.22,44.678
1.8837,26.72,50.634
2.9888,22.69,62.962
2.4817,26.73,57.761
2.0554,21.67,48.96
2.9724,23.96,64.403
1.0383,28.08,37.397
0.9005,23.53,33.682
2.0313,30.13,54.885
0.6099,23.63,31.354
0.5892,28.4,34.158
1.7872,27.55,49.131
1.6655,21.65,43.86
2.7929,24.79,60.26
2.0731,25.24,51.982
1.7853,24.74,47.129
1.7422,24.24,46.499
1.1188,27.0,37.033
0.5295,20.38,25.434
0.981,22.77,35.238
2.2301,20.87,48.341
1.0015,24.0,36.839
1.4238,23.5,40.336
0.5093,20.14,27.557
2.5751,22.61,57.569
0.8862,25.86,35.006
1.169,22.52,35.216
2.7008,21.11,55.965
1.7745,22.23,44.497
2.6179,19.67,54.158
2.0993,20.47,49.263
2.3544,27.94,58.462
0.7287,21.59,29.878
1.8529,28.22,49.373
1.7694,22.17,43.754
2.6783,23.24,60.155
1.4032,24.67,40.941
1.9955,24.33,49.805
0.6481,25.24,32.325
1.4691,30.21,46.431
1.3076,26.98,40.735
0.8755,26.6,34.531
2.5408,21.48,55.43
1.4486,25.95,43.564
2.9469,25.08,62.715
1.975,28.56,51.48
2.0126,24.23,50.081
2.095,29.07,55.16
2.1911,18.55,48.313
0.877,22.37,33.625
1.6008,28.38,46.35
1.0989,26.1,36.613
1.5062,22.93,41.345
0.7418,25.73,31.8
2.9196,22.34,59.838
1.0375,24.24,36.787
2.1794,31.62,57.881
1.2511,30.07,42.034
2.6852,22.37,57.153
2.1555,25.28,50.256
0.829,19.96,32.716
2.6127,28.84,60.787
2.8624,23.29,60.266
2.7598,23.02,59.119
1.9243,27.36,50.887
0.8636,24.04,35.993
0.9812,23.66,34.914
2.8198,22.96,59.018
1.8808,23.45,44.922
0.9514,22.41,33.782
2.7101,18.46,55.035
2.1039,26.16,53.105
1.9242,24.87,47.553
1.4407,26.65,43.229
1.5274,28.79,47.494
1.0987,28.58,39.963
0.5951,22.17,27.8
2.6905,28.74,61.58
1.6693,26.8,47.918
1.8691,22.71,46.525
1.3054,22.02,38.178
2.3783,22.64,55.055
0.563,21.36,26.359
1.4305,28.98,45.262
0.5759,18.95,24.77
0.8072,21.81,30.866
2.9179,22.4,62.257
2.1444,23.89,51.522
1.5706,24.89,44.353
1.8094,24.49,47.928
2.682,24.39,59.078
1.3605,28.37,43.549
1.9757,22.62,44.954
2.2092,25.35,52.929
1.3885,23.6,39.867
1.7977,25.24,47.46
2.4131,22.78,56.269
2.7729,22.88,58.815
0.8777,23.41,32.877
2.8335,30.82,63.413
0.5129,25.41,29.949
2.3824,23.89,53.858
2.5263,30.09,61.856
0.8419,28.81,38.867
1.5473,23.11,40.444
2.5381,27.0,58.198
0.5357,32.2,35.019
2.0712,25.63,52.721
2.4826,27.77,57.242
1.7825,22.41,46.497
2.3146,24.65,53.214
1.0661,27.68,36.457
0.9963,22.07,34.737
1.4078,25.95,43.348
0.9485,24.08,34.403
1.3652,23.12,40.142
2.8703,19.9,59.54
1.9333,25.03,48.958
1.3502,21.17,38.935
1.1788,25.2,38.106
2.8801,26.36,64.613
1.6112,28.22,45.362
2.951,25.26,64.424
1.7888,25.42,47.827
1.8029,26.39,47.371
2.7414,23.0,60.099
2.3569,24.69,54.32
1.9516,28.88,50.993
1.5666,19.92,41.547
2.6955,28.73,62.686
1.5291,25.46,43.483
2.8069,24.5,59.649
0.6718,21.81,30.329
1.575,21.35,42.561
1.7988,26.2,47.535
2.8773,23.86,60.704
1.1275,28.11,40.298
2.5151,23.73,55.492
2.1912,18.48,47.677
2.2927,23.65,52.49
2.0741,20.57,46.618
2.9289,24.02,62.917
1.3317,30.36,42.974
1.4957,27.29,44.365
1.0073,19.84,33.159
0.6268,23.97,29.098
1.0323,27.83,40.365
2.7887,27.13,61.742
2.6004,26.89,58.415
0.781,26.25,35.258
2.0094,32.53,55.528
1.698,28.82,48.624
1.9867,26.63,50.121
2.1482,28.79,52.855
1.2666,26.1,41.091
2.9034,22.55,61.299
1.6646,21.07,42.975
2.0703,23.97,51.099
2.0881,22.62,49.149
0.9597,25.27,35.301
0.6547,25.51,31.377
1.5288,31.98,48.553
2.4101,23.04,53.869
2.5381,27.01,57.265
2.325,24.3,54.188
0.783,30.04,33.924
2.7834,28.68,63.27
2.5051,22.64,55.992
2.6942,21.53,57.912
1.8083,21.72,43.706
2.7891,22.56,59.01
0.6166,27.25,31.813
0.5757,25.67,30.161
0.5505,22.24,27.474
1.1319,22.75,37.027
1.1214,22.73,37.769
0.9688,25.48,36.671
1.9176,24.87,47.541
0.5975,24.56,29.814
1.976,18.71,45.663
0.915,22.33,32.277
2.1947,29.64,56.285
0.5527,18.14,24.924
1.2764,24.35,39.127
2.8459,25.8,62.324
1.846,22.4,47.02
2.529,23.68,55.628
2.1451,25.77,51.897
2.0269,26.67,50.365
0.9781,26.29,35.513
1.936,18.36,44.973
0.5992,23.09,30.065
2.5042,23.8,55.177
2.9002,24.61,61.397
2.635,26.48,59.39
0.6268,32.21,32.184
1.3467,28.02,42.826
1.295,25.44,39.038
0.7818,28.58,34.978
2.0665,28.93,53.514
2.4936,27.45,59.412
1.2843,29.51,43.038
2.657,23.63,58.878
2.4928,24.34,56.516
0.8228,26.19,35.335
2.4171,21.88,52.834
2.7066,29.14,60.352
0.9932,20.81,34.738
1.9341,25.17,48.266
2.0969,18.37,47.525
2.0233,22.16,48.368
0.7406,26.46,32.324
2.153,27.36,54.096
2.0799,25.88,53.296
2.5597,23.86,57.659
2.5088,25.68,56.707
1.3179,21.82,38.623
2.3051,26.41,55.157
2.6682,24.61,58.81
2.7324,25.67,61.586
0.9038,32.42,38.507
0.5668,25.72,29.863
2.127,18.36,48.484
1.0367,23.08,34.62
1.9093,20.46,45.522
2.862,23.51,59.435
1.4483,27.0,45.148
1.1319,25.32,38.346
1.6413,22.02,41.633
2.1431,27.98,53.442
0.7527,26.17,35.311
1.4515,23.59,41.529
0.8343,22.51,32.193
2.1561,23.27,51.443
2.5764,28.48,58.695
1.4421,27.16,43.598
1.4293,25.99,44.611
1.8488,29.39,50.551
1.0376,31.02,39.135
1.1185,29.83,40.656
1.3246,24.31,42.0
1.6436,20.51,41.642
0.7038,26.45,31.565
2.3818,24.82,56.036
1.9476,24.77,48.424
1.2492,28.35,41.494
0.6939,22.59,30.922
2.408,22.75,53.675
0.8277,23.58,36.765
0.833,24.99,35.127
0.8267,25.05,34.056
0.7032,25.28,33.883
2.766,30.22,63.061
1.1731,23.63,39.174
1.266,18.25,34.318
2.582,23.67,56.662
2.0498,26.1,49.693
0.9679,20.33,33.385
1.587,27.23,44.656
2.7098,28.1,62.56
1.4384,22.31,41.071
2.2772,23.0,51.384
0.742,30.16,36.85
2.3183,23.09,53.463
2.4412,22.19,53.464
2.5644,25.14,58.425
2.1855,26.3,53.534
1.4268,24.23,40.425
0.6605,29.19,32.986
1.7969,21.97,46.085
2.3936,26.04,53.481
0.9771,22.42,36.072
1.1656,26.6,40.014
1.8403,24.36,46.37
2.3708,26.34,55.919
2.7415,24.0,60.175
0.8144,31.52,39.615
0.9607,22.43,33.891
2.4988,27.65,60.029
2.1113,26.22,51.443
2.3024,25.32,53.955
2.9919,25.93,65.475
2.8479,28.72,63.838
2.6076,28.72,61.293
2.4428,27.14,56.922
1.4875,24.45,41.505
2.1031,22.5,50.26
0.9611,25.32,36.577
2.3987,27.66,56.86
2.3942,29.46,58.595
2.3032,26.1,55.166
1.612,27.78,46.9
1.4455,30.62,45.573
1.5494,24.51,44.055
0.5833,22.02,26.899
2.6108,21.94,55.957
1.8559,21.17,44.82
1.4688,30.54,46.065
1.8701,24.19,46.317
2.3041,29.35,56.967
1.4537,28.37,43.64
2.5766,29.38,61.846
2.7987,28.66,63.388
1.4686,24.26,42.335
0.8445,24.88,33.383
2.4009,25.13,55.8
2.9824,25.77,64.139
0.87,24.48,33.012
2.2817,23.79,53.872
2.5633,32.23,61.427
2.8014,19.48,57.475
0.8085,23.7,33.887
0.7295,24.38,30.218
2.9697,26.84,63.987
0.7919,27.88,34.934
0.942,25.71,35.062
1.9374,26.93,50.824
1.6157,19.75,41.122
2.376,27.94,57.699
0.9764,22.41,34.343
2.7861,28.16,62.374
1.043,25.15,37.003
2.4228,17.52,50.231
0.669,22.52,29.703
1.6835,26.17,46.054
0.5814,27.83,33.558
1.2845,24.43,40.615
1.2806,25.95,40.495
2.2994,21.99,51.083
1.6375,27.76,48.074
0.6419,28.6,34.963
2.9884,25.61,63.901
2.7217,22.45,59.621
2.7908,19.08,57.509
1.1164,26.02,39.573
1.4853,31.3,48.739
1.0679,27.15,38.529
0.8123,30.2,36.152
0.5826,27.47,31.348
1.7583,22.36,44.45
0.8078,28.14,36.25
0.9408,20.37,32.455
2.6512,24.6,58.653
1.7106,25.27,46.562
0.9593,27.56,37.372
2.1747,24.86,53.36
1.1647,26.66,39.156
1.8173,25.46,45.768
1.2074,21.61,36.067
1.7904,25.78,47.201
2.0713,24.35,49.436
1.8405,21.22,44.89
1.489,22.21,40.061
2.477,23.94,55.6
2.6836,20.75,55.495
0.9484,20.43,32.314
0.8408,20.91,30.174
0.783,26.08,33.363
2.949,28.37,64.183
2.854,31.55,66.371
1.0767,24.47,33.779
2.9248,22.37,61.452
1.0195,28.47,38.281
1.7662,24.76,46.25
1.7435,27.5,45.689
2.7874,28.16,64.784
0.6013,22.76,29.674
1.2884,21.21,37.494
1.9999,18.63,47.102
0.666,24.9,32.062
1.0914,24.54,37.951
1.6627,21.86,42.259
2.7021,23.25,57.662
2.4024,29.24,56.81
2.5725,27.98,59.284
2.4027,22.67,54.222
2.2693,25.28,55.139
2.6242,27.29,59.997
2.2037,18.72,48.929
2.3392,27.08,54.062
1.2541,27.74,40.471
0.9191,22.79,33.607
2.3913,17.28,50.773
0.9146,26.24,34.182
2.7986,26.85,62.836
1.9916,30.79,53.359
1.3236,17.18,35.71
2.8416,30.7,67.532
0.8878,22.13,31.95
1.7862,27.45,49.112
0.7289,27.23,34.92
2.9136,28.54,64.953
1.9384,23.81,49.467
2.5092,22.06,54.573
1.2048,26.66,40.246
2.5045,24.14,55.489
2.2571,19.96,48.05
2.1092,30.34,57.752
2.8764,24.62,63.828
1.5837,31.38,48.172
1.5377,23.25,41.523
2.2303,27.57,56.453
2.5876,31.37,61.725
1.3377,28.96,44.148
2.1741,26.8,52.391
1.0226,22.06,33.671
1.8792,27.69,47.919
2.4229,22.33,51.075
0.6633,20.31,27.542
2.3196,26.78,54.677
0.5386,23.38,27.359
2.8959,26.83,62.18
1.6717,23.29,45.164
1.5227,30.76,47.565
2.3011,29.87,57.07
1.8082,22.28,47.217
2.3271,26.3,57.239
0.7119,19.9,30.251
1.907,23.81,47.957
1.8953,28.35,50.536
2.8303,24.37,58.892
0.599,24.28,29.772
1.632,24.2,41.943
2.0777,23.28,51.346
1.8769,26.49,51.868
0.6854,22.94,29.941
1.9831,26.18,50.26
1.0555,22.67,34.803
0.9889,18.98,33.315
2.6967,21.98,57.035
0.9946,26.53,39.125
1.6357,31.82,50.098
2.3757,26.85,56.323
2.2683,21.92,52.18
1.8836,26.0,49.922
2.5176,22.72,56.511
1.6645,26.88,47.067
2.051,27.21,51.354
2.5473,24.34,58.277
2.1952,27.33,54.069
2.1046,22.85,50.189
1.5153,22.8,42.325
1.8958,20.65,44.755
1.4902,22.34,41.891
2.3607,20.78,51.921
1.4511,22.82,41.997
1.6666,25.6,43.225
2.3886,25.41,55.664
1.7591,25.09,47.625
1.3451,21.79,37.707
2.567,22.97,56.149
1.4524,22.33,40.258
2.6118,27.9,60.208
2.4631,30.45,60.237
1.6182,26.3,46.528
2.2822,23.37,53.182
0.586,28.04,33.427
1.4745,17.81,39.312
2.6508,26.56,62.41
1.9488,25.49,47.84
1.8946,20.67,42.407
2.1618,31.22,58.098
2.1942,29.83,56.19
1.959,22.98,47.156
1.5516,30.02,44.094
0.9587,26.06,34.95
1.2316,25.0,39.467
1.2323,19.87,35.989
1.5769,20.91,42.577
2.9976,26.65,64.997
1.3814,24.38,41.829
1.6184,25.82,47.297
1.4291,24.2,42.182
1.9536,29.2,54.518
2.8697,25.95,60.602
2.7227,27.12,60.688
1.4428,20.25,37.984
1.1673,24.08,35.585
2.711,28.54,62.877
1.7346,21.41,44.21
2.2139,28.67,54.161
0.6832,25.52,31.429
2.6664,21.03,57.032
1.2824,23.81,39.188
1.7363,22.44,45.177
0.9951,21.64,34.859
1.5506,28.23,45.366
2.5701,29.6,59.417
2.5689,21.62,56.695
1.6842,23.62,43.583
2.4198,24.83,56.498
1.6452,24.03,44.812
1.4334,26.61,44.33
1.8647,30.27,53.948
1.0034,27.06,37.901
1.2914,23.62,40.003
2.2663,25.08,53.35
2.4263,22.93,54.083
0.6418,22.27,28.99
2.3321,21.27,52.441
2.5436,23.29,56.74
1.613,25.08,43.642
0.6561,27.44,32.822
2.2073,22.64,52.024
1.1154,24.59,37.181
2.1084,23.2,48.837
1.4416,26.51,45.8
2.0929,27.13,52.416
1.1453,28.34,41.97
1.6913,27.83,47.432
1.8117,27.54,50.641
2.0775,21.75,50.539
1.0079,24.24,37.689
2.9051,31.91,68.624
1.2228,22.33,36.428
1.2651,26.48,42.298
1.1408,30.06,41.706
0.6687,23.41,32.288
1.5573,26.77,45.486
2.4296,26.44,58.829
2.2739,22.47,52.36
0.9889,26.01,36.763
0.8423,21.42,31.839
1.3036,22.68,38.729
2.4206,25.07,54.499
1.7202,23.79,45.761
2.808,26.79,61.641
2.141,24.52,52.992
2.0523,22.29,47.54
2.4192,32.26,60.328
2.3756,24.31,57.863
1.3596,25.6,42.67
1.1425,24.9,37.189
1.5941,24.47,44.116
1.7231,26.95,47.358
0.8543,25.02,34.887
1.6033,20.9,40.66
2.0996,26.7,53.064
0.8393,33.99,40.324
0.8451,20.62,29.666
0.9343,27.92,37.324
1.2083,25.25,39.749
2.9043,24.17,62.408
0.5645,27.66,32.998
0.9593,22.52,32.761
0.9126,24.68,35.144
1.6859,29.14,48.906
0.5377,27.46,29.083
1.6454,25.26,44.092
0.9073,24.7,34.962
1.1741,25.62,37.433
2.4811,28.42,60.232
0.9602,19.56,33.392
2.0428,25.75,52.573
1.5158,19.02,40.39
1.544,26.15,45.129
2.5421,24.89,57.352
0.9023,20.89,28.791
2.8095,25.65,61.32
2.7337,22.14,57.859
2.1708,25.2,51.386
0.6236,25.43,34.21
2.1583,22.61,49.689
2.0009,23.53,47.614
2.4305,26.54,59.285
1.0346,26.93,36.746
2.8834,29.58,65.854
2.7155,25.35,60.749
0.7859,23.6,31.007
1.288,28.19,39.882
0.5811,28.23,32.917
2.5774,27.89,60.212
2.7877,24.48,61.03
2.9745,24.04,63.754
2.0298,26.02,50.163
2.165,22.33,51.001
2.196,30.07,57.113
1.9254,24.34,48.971
2.8811,23.04,59.776
2.0197,24.35,49.196
1.3393,28.35,42.393
1.7822,25.88,48.402
0.5467,24.1,29.343
2.3103,21.94,52.832
2.2348,24.48,53.341
1.5526,21.33,39.951
2.6287,22.99,55.857
2.3888,25.75,57.25
1.3417,25.05,39.7
0.6937,27.85,32.56
0.8306,28.59,36.384
0.9607,29.36,36.919
1.2598,23.84,39.684
1.6188,28.51,49.477
2.82,24.19,62.99
1.196,26.29,37.943
2.7465,27.99,62.106
2.2012,26.03,53.739
2.6337,23.4,56.936
1.5081,23.48,43.279
0.5082,28.09,28.742
2.4674,20.35,52.096
1.1137,24.66,37.202
0.8562,25.26,33.346
2.4987,24.74,55.991
2.2158,21.27,49.301
1.031,22.83,35.632
1.169,25.54,38.276
2.848,28.26,62.103
1.1713,24.09,35.831
2.256,29.08,55.015
0.8239,21.05,30.785
2.5376,23.08,57.02
0.794,27.99,36.067
1.7901,23.36,45.496
0.588,25.21,29.078
1.8752,25.21,50.68
2.6166,26.47,57.763
0.711,23.88,31.282
1.1856,24.86,39.099
2.4117,26.25,58.137
2.0202,17.01,45.301
1.282,24.09,38.075
2.0723,22.63,48.735
1.6368,20.33,42.463
2.6559,21.05,57.251
1.2323,22.32,37.357
2.3943,28.38,56.201
2.0892,22.44,49.242
2.3511,23.16,55.191
1.4457,25.62,43.144
2.3123,22.85,52.727
2.2461,21.37,53.739
1.4687,29.02,46.253
0.5661,25.32,30.652
2.9073,24.62,61.265
2.284,27.71,53.83
1.0118,24.3,34.102
2.327,25.38,55.188
1.1967,25.45,40.695
1.6732,26.81,43.582
2.6497,24.71,58.625
1.6202,27.82,47.185
1.22,23.66,37.962
1.2637,25.72,40.115
0.6925,22.08,29.394
1.0488,22.0,34.842
1.1778,22.83,37.337
0.9324,30.2,39.842
0.6577,23.04,30.307
1.6645,22.64,44.137
1.036,23.69,35.265
2.3469,24.32,54.493
2.8063,29.04,62.732
1.1825,21.43,38.971
1.9306,31.74,53.556
1.7668,27.42,47.206
0.6878,25.31,34.813
0.8122,25.05,33.979
2.7119,26.09,61.3
1.6854,19.35,42.419
2.5115,23.65,56.882
0.6665,23.03,31.179
1.987,27.08,49.284
2.6633,21.26,54.55
2.6677,29.22,61.285
0.5143,24.97,28.349
1.8043,22.26,46.296
1.4225,23.56,41.354
2.4001,25.29,55.1
0.683,24.03,32.458
1.1623,22.88,35.476
2.5316,22.48,55.394
1.6739,25.16,46.074
1.6329,26.43,45.181
2.9214,24.93,62.071
1.2997,23.0,38.934
0.6043,24.54,28.625
1.4805,23.22,42.599
0.8834,28.72,36.966
0.7047,23.16,29.539
1.9197,28.32,52.226
2.8839,27.75,64.232
1.9485,22.06,48.283
2.1178,28.38,53.372
1.3091,21.08,37.102
1.9278,20.0,45.18
2.3806,23.51,52.491
1.9732,22.99,48.724
2.5069,22.22,56.381
1.8762,21.44,47.133
0.9954,26.06,36.154
1.9568,17.88,44.698
1.7273,28.87,47.273
0.9148,18.29,31.685
2.0479,25.98,49.217
2.5424,24.43,56.685
0.8377,21.9,31.184
1.8624,20.85,45.057
2.3342,23.23,52.466
1.5075,24.9,43.079
1.1751,28.04,39.75
1.4307,26.53,43.271
1.8542,22.82,45.772
2.2167,22.59,51.292
1.8979,22.69,46.546
0.7676,26.45,33.735
2.5447,17.56,53.144
2.8096,26.19,64.059
0.7532,24.8,31.479
1.1238,23.26,36.009
0.9342,25.46,35.826
2.6229,27.71,60.992
2.7757,26.53,61.613
0.6107,26.63,32.866
1.331,24.12,40.93
0.9812,28.23,38.443
1.6738,26.6,48.173
2.804,25.54,61.037
0.6754,25.85,34.622
0.9282,26.85,35.357
1.7176,25.94,46.237
1.8101,23.15,45.314
2.3638,25.87,54.457
1.5942,29.41,46.03
0.8528,23.19,31.052
1.384,23.8,42.806
2.9552,24.13,64.14
2.3768,24.85,55.886
0.7909,19.5,28.218
2.5205,25.65,57.06
1.2773,25.46,41.309
2.4535,23.52,54.67
0.5318,23.93,29.644
2.6782,18.39,54.263
0.9058,24.44,36.158
1.6394,21.99,43.494
2.1544,25.19,54.078
1.7697,19.03,42.721
0.9135,28.18,36.312
0.8478,22.88,33.348
1.2113,30.88,40.735
0.631,23.32,28.797
1.0414,23.67,35.218
0.8253,29.11,38.487
1.662,24.02,43.442
1.3913,22.37,39.925
1.9671,24.55,48.931
1.2022,26.27,36.581
0.5848,27.63,32.806
1.3278,30.92,44.384
2.388,22.32,53.882
1.1396,20.64,34.157
1.5114,30.52,45.738
2.3874,26.9,57.863
1.5167,29.72,45.041
2.7178,29.06,62.594
2.7952,22.19,59.224
1.2763,25.49,39.498
2.3399,23.16,51.714
1.1328,22.38,34.739
0.8488,24.95,36.042
1.5947,22.26,42.848
2.0062,30.29,55.102
2.839,25.25,61.909
0.8648,24.25,32.698
2.2809,27.32,55.688
1.6887,27.43,49.604
0.8293,26.65,34.679
2.9316,23.11,60.365
2.2394,26.84,54.168
0.8221,29.89,36.536
2.7644,25.2,59.616
0.7577,23.66,30.906
0.7316,27.27,34.479
1.3289,22.81,40.912
2.8449,23.11,59.403
0.5826,24.23,29.32
2.7955,23.72,59.475
2.029,23.87,51.058
0.6676,23.51,31.588
1.9215,29.45,51.432
1.647,26.69,46.619
1.91,22.22,45.3
2.343,26.15,55.698
2.1965,27.33,54.725
2.9931,27.72,64.906
0.8917,26.65,36.75
2.5321,23.92,56.241
1.5277,21.96,41.296
2.4583,26.75,58.462
2.7294,22.08,57.868
2.98,20.22,58.969
1.1651,26.74,40.567
1.6323,25.11,43.26
2.8569,23.08,61.324
2.8643,21.46,59.025
1.4322,21.06,39.134
2.8505,24.5,59.363
1.5147,24.39,42.413
1.4369,27.43,42.931
2.3915,17.23,50.426
1.678,27.26,47.147
1.6205,23.43,42.087
1.4653,22.48,40.168
1.582,28.26,45.639
0.8495,23.93,33.729
0.6526,23.2,27.756
2.385,33.09,59.448
1.9112,22.38,46.864
2.1797,25.02,53.06
2.5058,27.8,57.521
1.0753,30.76,40.159
1.0844,23.02,36.18
1.1948,26.79,40.945
1.2598,22.7,38.005
2.4017,25.85,58.093
1.4355,21.72,40.418
1.308,22.56,39.515
2.0908,28.58,55.442
0.9664,25.63,36.227
0.7661,25.5,32.966
2.2428,32.93,58.332
2.3911,24.5,56.271
1.2409,24.42,37.577
2.0901,26.55,52.878
0.5852,21.87,27.593
1.5108,28.77,45.633
1.9449,26.33,51.882
1.1335,24.1,36.609
1.3705,23.67,39.806
2.0239,26.23,50.723
1.9747,25.52,49.678
0.8855,26.18,32.246
2.2665,25.53,54.98
0.7001,19.05,27.309
2.9243,23.19,61.988
1.0059,23.09,35.194
1.1339,23.3,37.273
1.0008,27.45,36.686
2.9787,24.31,61.001
1.2165,25.53,40.326
2.0132,23.37,49.789
2.9766,24.3,62.242
2.8752,20.99,59.245
0.6059,22.9,27.879
1.803,26.22,48.034
2.0033,20.41,47.925
2.256,27.57,53.725
1.3398,30.26,43.093
1.3198,26.58,42.749
0.5107,28.1,32.583
0.5881,24.55,29.581
1.8751,22.87,45.865
0.6897,28.36,33.901
1.0062,28.69,36.768
1.3332,27.46,43.137
0.6762,23.7,31.491
0.5771,25.72,32.711
2.8173,26.16,63.304
1.588,26.71,45.808
1.0122,28.84,37.279
2.2711,25.3,54.671
0.5236,25.75,29.843
1.1125,25.46,38.073
2.9019,29.4,64.805
2.7442,27.69,59.293
2.0898,28.54,55.076
0.733,23.88,32.028
1.2951,28.94,42.3
0.5698,25.65,29.779
1.048,27.08,36.129
0.5636,30.72,34.361
0.8154,23.59,32.735
2.083,22.81,48.353
0.7511,24.79,30.945
0.8894,25.35,33.754
2.757,31.22,65.34
1.3386,27.07,41.196
1.3325,29.01,42.711
0.7163,24.48,29.825
2.4898,26.96,57.633
2.1909,26.48,54.15
1.8678,29.68,52.113
2.0448,25.16,49.095
0.751,25.13,33.841
1.1508,26.23,38.776
1.9591,21.95,47.18
2.8806,25.18,62.285
2.5428,26.4,57.02
2.1018,19.64,46.31
1.797,26.57,48.476
0.5378,24.13,30.718
2.7268,25.2,59.209
0.6671,22.54,28.395
0.8227,31.77,36.774
2.2327,25.28,53.843
2.5304,27.96,59.662
2.4664,28.96,59.632
1.631,26.09,43.688
0.9426,26.76,36.984
0.5883,24.68,29.705
2.6284,25.9,58.661
2.9442,25.26,63.031
1.1103,24.26,37.542
2.6652,28.18,61.763
1.5063,26.9,43.361
1.2784,23.03,39.559
1.7629,24.54,46.072
0.5204,24.63,30.037
1.6068,24.59,42.526
0.9989,21.39,34.879
2.2811,24.13,53.821
1.7564,24.2,45.345
2.6721,27.21,59.149
2.7416,23.56,59.039
1.2919,29.05,44.495
1.201,31.03,41.737
2.8478,24.11,62.859
1.76,21.59,46.522
0.7413,30.92,37.198
0.6147,24.9,31.316
2.9761,23.45,63.474
1.9479,26.86,49.938
0.6362,25.98,31.58
1.7781,27.64,49.997
1.7603,23.05,46.602
1.5885,31.46,48.857
2.8782,23.99,60.354
2.8719,26.74,63.734
0.8124,25.19,31.17
0.8793,27.76,38.308
1.5187,21.89,42.535
2.5851,23.96,58.063
2.0594,27.27,52.865
2.3246,28.55,57.306
1.9401,21.95,46.716
1.0251,24.59,35.59
2.5444,19.83,54.553
0.5351,27.35,29.793
2.2462,24.72,53.224
0.9858,25.73,35.034
1.6777,23.84,43.982
2.9378,24.93,62.281
1.8476,24.05,46.224
0.6424,26.83,32.157
1.5719,29.68,47.342
2.1507,22.32,47.862
0.6418,24.87,30.73
1.1316,24.97,36.923
0.5458,25.92,30.725
1.8502,24.85,45.809
1.4537,23.6,42.03
1.7592,25.17,44.342
1.2396,26.6,40.887
2.142,23.17,52.207
0.9327,24.7,34.703
2.7666,25.05,61.547
2.9002,25.84,62.061
1.7325,20.22,42.836
1.6635,25.8,46.599
2.649,23.02,59.721
1.2246,23.89,38.805
2.5078,23.91,59.276
1.2183,25.56,41.736
2.2999,23.55,51.796
1.335,24.22,38.972
2.0065,29.5,53.495
2.8147,27.21,64.527
0.6358,22.97,29.277
2.5181,22.22,54.656
1.8546,21.73,46.562
1.4477,26.01,41.172
1.3757,22.39,37.775
0.6735,24.61,31.498
1.1459,21.83,35.227
2.0578,22.4,48.147
0.744,24.06,34.431
2.1735,23.03,50.926
2.9056,23.99,62.522
2.9519,25.24,64.711
2.7231,26.74,61.913
2.5165,27.0,56.49
0.9449,25.97,35.325
2.9254,22.3,61.14
1.0068,30.07,39.94
