voltaje,temperatura,conductividad,humedad_referencia
2.0627,21.96,3.609725,47.43
2.743,24.89,4.80025,60.344
2.4392,27.31,4.2686,57.242
1.063,29.72,1.86025,39.133
1.2504,24.25,2.1882,39.194
2.6839,27.38,4.696825,61.88
0.5132,27.26,0.8981,29.224
2.5531,26.06,4.467925,57.538
2.4927,25.83,4.3622250000000005,58.159
1.6698,28.42,2.92215,47.706
1.2576,23.41,2.2008,38.855
1.1961,23.64,2.093175,38.209
1.1372,24.9,1.9901,37.567
1.6127,22.33,2.822225,44.76
1.7614,20.22,3.08245,44.678
1.8837,26.72,3.296475,50.634
2.9888,22.69,5.2303999999999995,62.962
2.4817,26.73,4.342975,57.761
2.0554,21.67,3.59695,48.96
2.9724,23.96,5.2017,64.403
1.0383,28.08,1.8170250000000001,37.397
0.9005,23.53,1.575875,33.682
2.0313,30.13,3.554775,54.885
0.6099,23.63,1.067325,31.354
0.5892,28.4,1.0311,34.158
1.7872,27.55,3.1275999999999997,49.131
1.6655,21.65,2.914625,43.86
2.7929,24.79,4.887575,60.26
2.0731,25.24,3.6279250000000003,51.982
1.7853,24.74,3.1242750000000004,47.129
1.7422,24.24,3.04885,46.499
1.1188,27.0,1.9579,37.033
0.5295,20.38,0.9266249999999999,25.434
0.981,22.77,1.71675,35.238
2.2301,20.87,3.9026750000000003,48.341
1.0015,24.0,1.752625,36.839
1.4238,23.5,2.49165,40.336
0.5093,20.14,0.8912749999999999,27.557
2.5751,22.61,4.506425,57.569
0.8862,25.86,1.55085,35.006
1.169,22.52,2.04575,35.216
2.7008,21.11,4.7264,55.965
1.7745,22.23,3.105375,44.497
2.6179,19.67,4.5813250000000005,54.158
2.0993,20.47,3.673775,49.263
2.3544,27.94,4.1202000000000005,58.462
0.7287,21.59,1.275225,29.878
1.8529,28.22,3.242575,49.373
1.7694,22.17,3.09645,43.754
2.6783,23.24,4.687025,60.155
1.4032,24.67,2.4556,40.941
1.9955,24.33,3.492125,49.805
0.6481,25.24,1.134175,32.325
1.4691,30.21,2.570925,46.431
1.3076,26.98,2.2883,40.735
0.8755,26.6,1.532125,34.531
2.5408,21.48,4.4464,55.43
1.4486,25.95,2.53505,43.564
2.9469,25.08,5.157075,62.715
1.975,28.56,3.4562500000000003,51.48
2.0126,24.23,3.52205,50.081
2.095,29.07,3.6662500000000002,55.16
2.1911,18.55,3.834425,48.313
0.877,22.37,1.53475,33.625
1.6008,28.38,2.8014,46.35
1.0989,26.1,1.9230749999999999,36.613
1.5062,22.93,2.63585,41.345
0.7418,25.73,1.2981500000000001,31.8
2.9196,22.34,5.1093,59.838
1.0375,24.24,1.8156250000000003,36.787
2.1794,31.62,3.8139499999999997,57.881
1.2511,30.07,2.189425,42.034
2.6852,22.37,4.6991,57.153
2.1555,25.28,3.772125,50.256
0.829,19.96,1.45075,32.716
2.6127,28.84,4.5722249999999995,60.787
2.8624,23.29,5.0092,60.266
2.7598,23.02,4.82965,59.119
1.9243,27.36,3.3675249999999997,50.887
0.8636,24.04,1.5113,35.993
0.9812,23.66,1.7170999999999998,34.914
2.8198,22.96,4.9346499999999995,59.018
1.8808,23.45,3.2914,44.922
0.9514,22.41,1.6649500000000002,33.782
2.7101,18.46,4.742675,55.035
2.1039,26.16,3.681825,53.105
1.9242,24.87,3.36735,47.553
1.4407,26.65,2.5212250000000003,43.229
1.5274,28.79,2.67295,47.494
1.0987,28.58,1.922725,39.963
0.5951,22.17,1.0414249999999998,27.8
2.6905,28.74,4.708375,61.58
1.6693,26.8,2.921275,47.918
1.8691,22.71,3.270925,46.525
1.3054,22.02,2.2844499999999996,38.178
2.3783,22.64,4.162025,55.055
0.563,21.36,0.98525,26.359
1.4305,28.98,2.503375,45.262
0.5759,18.95,1.007825,24.77
0.8072,21.81,1.4126,30.866
2.9179,22.4,5.106325,62.257
2.1444,23.89,3.7527,51.522
1.5706,24.89,2.74855,44.353
1.8094,24.49,3.1664499999999998,47.928
2.682,24.39,4.6935,59.078
1.3605,28.37,2.380875,43.549
1.9757,22.62,3.457475,44.954
2.2092,25.35,3.8661000000000003,52.929
1.3885,23.6,2.429875,39.867
1.7977,25.24,3.145975,47.46
2.4131,22.78,4.222925,56.269
2.7729,22.88,4.852575,58.815
0.8777,23.41,1.535975,32.877
2.8335,30.82,4.958625,63.413
0.5129,25.41,0.897575,29.949
2.3824,23.89,4.1692,53.858
2.5263,30.09,4.421025,61.856
0.8419,28.81,1.473325,38.867
1.5473,23.11,2.707775,40.444
2.5381,27.0,4.441675,58.198
0.5357,32.2,0.937475,35.019
2.0712,25.63,3.6246,52.721
2.4826,27.77,4.34455,57.242
1.7825,22.41,3.119375,46.497
2.3146,24.65,4.05055,53.214
1.0661,27.68,1.865675,36.457
0.9963,22.07,1.743525,34.737
1.4078,25.95,2.46365,43.348
0.9485,24.08,1.659875,34.403
1.3652,23.12,2.3891,40.142
2.8703,19.9,5.023025,59.54
1.9333,25.03,3.3832750000000003,48.958
1.3502,21.17,2.36285,38.935
1.1788,25.2,2.0629,38.106
2.8801,26.36,5.0401750000000005,64.613
1.6112,28.22,2.8196,45.362
2.951,25.26,5.16425,64.424
1.7888,25.42,3.1304,47.827
1.8029,26.39,3.155075,47.371
2.7414,23.0,4.79745,60.099
2.3569,24.69,4.124575,54.32
1.9516,28.88,3.4153000000000002,50.993
1.5666,19.92,2.74155,41.547
2.6955,28.73,4.717125,62.686
1.5291,25.46,2.675925,43.483
2.8069,24.5,4.912075000000001,59.649
0.6718,21.81,1.1756499999999999,30.329
1.575,21.35,2.75625,42.561
1.7988,26.2,3.1479,47.535
2.8773,23.86,5.035275,60.704
1.1275,28.11,1.973125,40.298
2.5151,23.73,4.401425,55.492
2.1912,18.48,3.8345999999999996,47.677
2.2927,23.65,4.012225,52.49
2.0741,20.57,3.629675,46.618
2.9289,24.02,5.125575,62.917
1.3317,30.36,2.3304750000000003,42.974
1.4957,27.29,2.617475,44.365
1.0073,19.84,1.7627750000000002,33.159
0.6268,23.97,1.0969,29.098
1.0323,27.83,1.806525,40.365
2.7887,27.13,4.880225,61.742
2.6004,26.89,4.5507,58.415
0.781,26.25,1.3667500000000001,35.258
2.0094,32.53,3.51645,55.528
1.698,28.82,2.9715,48.624
1.9867,26.63,3.476725,50.121
2.1482,28.79,3.7593500000000004,52.855
1.2666,26.1,2.21655,41.091
2.9034,22.55,5.08095,61.299
1.6646,21.07,2.91305,42.975
2.0703,23.97,3.623025,51.099
2.0881,22.62,3.6541749999999995,49.149
0.9597,25.27,1.679475,35.301
0.6547,25.51,1.1457249999999999,31.377
1.5288,31.98,2.6754,48.553
2.4101,23.04,4.217675,53.869
2.5381,27.01,4.441675,57.265
2.325,24.3,4.0687500000000005,54.188
0.783,30.04,1.37025,33.924
2.7834,28.68,4.87095,63.27
2.5051,22.64,4.3839250000000005,55.992
2.6942,21.53,4.71485,57.912
1.8083,21.72,3.1645250000000003,43.706
2.7891,22.56,4.8809249999999995,59.01
0.6166,27.25,1.07905,31.813
0.5757,25.67,1.007475,30.161
0.5505,22.24,0.963375,27.474
1.1319,22.75,1.9808249999999998,37.027
1.1214,22.73,1.96245,37.769
0.9688,25.48,1.6954,36.671
1.9176,24.87,3.3558,47.541
0.5975,24.56,1.045625,29.814
1.976,18.71,3.458,45.663
0.915,22.33,1.60125,32.277
2.1947,29.64,3.840725,56.285
0.5527,18.14,0.967225,24.924
1.2764,24.35,2.2337,39.127
2.8459,25.8,4.980325,62.324
1.846,22.4,3.2305,47.02
2.529,23.68,4.42575,55.628
2.1451,25.77,3.7539249999999997,51.897
2.0269,26.67,3.547075,50.365
0.9781,26.29,1.711675,35.513
1.936,18.36,3.388,44.973
0.5992,23.09,1.0486,30.065
2.5042,23.8,4.38235,55.177
2.9002,24.61,5.07535,61.397
2.635,26.48,4.61125,59.39
0.6268,32.21,1.0969,32.184
1.3467,28.02,2.356725,42.826
1.295,25.44,2.26625,39.038
0.7818,28.58,1.36815,34.978
2.0665,28.93,3.616375,53.514
2.4936,27.45,4.3637999999999995,59.412
1.2843,29.51,2.247525,43.038
2.657,23.63,4.64975,58.878
2.4928,24.34,4.3624,56.516
0.8228,26.19,1.4399,35.335
2.4171,21.88,4.229925,52.834
2.7066,29.14,4.736549999999999,60.352
0.9932,20.81,1.7381,34.738
1.9341,25.17,3.3846749999999997,48.266
2.0969,18.37,3.6695750000000005,47.525
2.0233,22.16,3.540775,48.368
0.7406,26.46,1.2960500000000001,32.324
2.153,27.36,3.76775,54.096
2.0799,25.88,3.6398249999999996,53.296
2.5597,23.86,4.479475,57.659
2.5088,25.68,4.3904,56.707
1.3179,21.82,2.306325,38.623
2.3051,26.41,4.033925,55.157
2.6682,24.61,4.6693500000000006,58.81
2.7324,25.67,4.781700000000001,61.586
0.9038,32.42,1.58165,38.507
0.5668,25.72,0.9919,29.863
2.127,18.36,3.72225,48.484
1.0367,23.08,1.814225,34.62
1.9093,20.46,3.341275,45.522
2.862,23.51,5.0085,59.435
1.4483,27.0,2.534525,45.148
1.1319,25.32,1.9808249999999998,38.346
1.6413,22.02,2.872275,41.633
2.1431,27.98,3.750425,53.442
0.7527,26.17,1.317225,35.311
1.4515,23.59,2.540125,41.529
0.8343,22.51,1.4600250000000001,32.193
2.1561,23.27,3.7731749999999997,51.443
2.5764,28.48,4.5087,58.695
1.4421,27.16,2.523675,43.598
1.4293,25.99,2.501275,44.611
1.8488,29.39,3.2354,50.551
1.0376,31.02,1.8158,39.135
1.1185,29.83,1.957375,40.656
1.3246,24.31,2.31805,42.0
1.6436,20.51,2.8763,41.642
0.7038,26.45,1.23165,31.565
2.3818,24.82,4.168150000000001,56.036
1.9476,24.77,3.4083,48.424
1.2492,28.35,2.1861,41.494
0.6939,22.59,1.2143249999999999,30.922
2.408,22.75,4.2139999999999995,53.675
0.8277,23.58,1.448475,36.765
0.833,24.99,1.4577499999999999,35.127
0.8267,25.05,1.446725,34.056
0.7032,25.28,1.2306000000000001,33.883
2.766,30.22,4.8405000000000005,63.061
1.1731,23.63,2.052925,39.174
1.266,18.25,2.2155,34.318
2.582,23.67,4.5184999999999995,56.662
2.0498,26.1,3.58715,49.693
0.9679,20.33,1.693825,33.385
1.587,27.23,2.77725,44.656
2.7098,28.1,4.74215,62.56
1.4384,22.31,2.5172,41.071
2.2772,23.0,3.9851,51.384
0.742,30.16,1.2985,36.85
2.3183,23.09,4.057024999999999,53.463
2.4412,22.19,4.2721,53.464
2.5644,25.14,4.4877,58.425
2.1855,26.3,3.824625,53.534
1.4268,24.23,2.4969,40.425
0.6605,29.19,1.155875,32.986
1.7969,21.97,3.1445749999999997,46.085
2.3936,26.04,4.1888000000000005,53.481
0.9771,22.42,1.709925,36.072
1.1656,26.6,2.0398,40.014
1.8403,24.36,3.2205250000000003,46.37
2.3708,26.34,4.1489,55.919
2.7415,24.0,4.797625,60.175
0.8144,31.52,1.4252,39.615
0.9607,22.43,1.681225,33.891
2.4988,27.65,4.3729000000000005,60.029
2.1113,26.22,3.694775,51.443
2.3024,25.32,4.0292,53.955
2.9919,25.93,5.235824999999999,65.475
2.8479,28.72,4.983825,63.838
2.6076,28.72,4.5633,61.293
2.4428,27.14,4.274900000000001,56.922
1.4875,24.45,2.603125,41.505
2.1031,22.5,3.680425,50.26
0.9611,25.32,1.681925,36.577
2.3987,27.66,4.197725,56.86
2.3942,29.46,4.18985,58.595
2.3032,26.1,4.0306,55.166
1.612,27.78,2.821,46.9
1.4455,30.62,2.5296250000000002,45.573
1.5494,24.51,2.71145,44.055
0.5833,22.02,1.020775,26.899
2.6108,21.94,4.568899999999999,55.957
1.8559,21.17,3.247825,44.82
1.4688,30.54,2.5704000000000002,46.065
1.8701,24.19,3.272675,46.317
2.3041,29.35,4.0321750000000005,56.967
1.4537,28.37,2.543975,43.64
2.5766,29.38,4.50905,61.846
2.7987,28.66,4.897725,63.388
1.4686,24.26,2.5700499999999997,42.335
0.8445,24.88,1.477875,33.383
2.4009,25.13,4.201575,55.8
2.9824,25.77,5.219200000000001,64.139
0.87,24.48,1.5225,33.012
2.2817,23.79,3.9929749999999995,53.872
2.5633,32.23,4.485775,61.427
2.8014,19.48,4.90245,57.475
0.8085,23.7,1.4148749999999999,33.887
0.7295,24.38,1.2766250000000001,30.218
2.9697,26.84,5.196975,63.987
0.7919,27.88,1.385825,34.934
0.942,25.71,1.6484999999999999,35.062
1.9374,26.93,3.39045,50.824
1.6157,19.75,2.8274749999999997,41.122
2.376,27.94,4.1579999999999995,57.699
0.9764,22.41,1.7087,34.343
2.7861,28.16,4.875674999999999,62.374
1.043,25.15,1.8252499999999998,37.003
2.4228,17.52,4.2399000000000004,50.231
0.669,22.52,1.17075,29.703
1.6835,26.17,2.946125,46.054
0.5814,27.83,1.01745,33.558
1.2845,24.43,2.247875,40.615
1.2806,25.95,2.24105,40.495
2.2994,21.99,4.02395,51.083
1.6375,27.76,2.865625,48.074
0.6419,28.6,1.1233250000000001,34.963
2.9884,25.61,5.2297,63.901
2.7217,22.45,4.762975,59.621
2.7908,19.08,4.8839,57.509
1.1164,26.02,1.9537,39.573
1.4853,31.3,2.599275,48.739
1.0679,27.15,1.8688250000000002,38.529
0.8123,30.2,1.421525,36.152
0.5826,27.47,1.01955,31.348
1.7583,22.36,3.077025,44.45
0.8078,28.14,1.4136499999999999,36.25
0.9408,20.37,1.6463999999999999,32.455
2.6512,24.6,4.6396,58.653
1.7106,25.27,2.99355,46.562
0.9593,27.56,1.6787750000000001,37.372
2.1747,24.86,3.8057250000000002,53.36
1.1647,26.66,2.038225,39.156
1.8173,25.46,3.180275,45.768
1.2074,21.61,2.11295,36.067
1.7904,25.78,3.1332,47.201
2.0713,24.35,3.6247749999999996,49.436
1.8405,21.22,3.220875,44.89
1.489,22.21,2.60575,40.061
2.477,23.94,4.33475,55.6
2.6836,20.75,4.696300000000001,55.495
0.9484,20.43,1.6597,32.314
0.8408,20.91,1.4714,30.174
0.783,26.08,1.37025,33.363
2.949,28.37,5.16075,64.183
2.854,31.55,4.9945,66.371
1.0767,24.47,1.884225,33.779
2.9248,22.37,5.118399999999999,61.452
1.0195,28.47,1.7841250000000002,38.281
1.7662,24.76,3.09085,46.25
1.7435,27.5,3.051125,45.689
2.7874,28.16,4.87795,64.784
0.6013,22.76,1.0522749999999998,29.674
1.2884,21.21,2.2547,37.494
1.9999,18.63,3.499825,47.102
0.666,24.9,1.1655,32.062
1.0914,24.54,1.9099499999999998,37.951
1.6627,21.86,2.909725,42.259
2.7021,23.25,4.728675,57.662
2.4024,29.24,4.2042,56.81
2.5725,27.98,4.501875,59.284
2.4027,22.67,4.204725,54.222
2.2693,25.28,3.971275,55.139
2.6242,27.29,4.59235,59.997
2.2037,18.72,3.856475,48.929
2.3392,27.08,4.0936,54.062
1.2541,27.74,2.194675,40.471
0.9191,22.79,1.608425,33.607
2.3913,17.28,4.184775,50.773
0.9146,26.24,1.60055,34.182
2.7986,26.85,4.89755,62.836
1.9916,30.79,3.4853,53.359
1.3236,17.18,2.3163,35.71
2.8416,30.7,4.9728,67.532
0.8878,22.13,1.55365,31.95
1.7862,27.45,3.12585,49.112
0.7289,27.23,1.275575,34.92
2.9136,28.54,5.098800000000001,64.953
1.9384,23.81,3.3922,49.467
2.5092,22.06,4.3911,54.573
1.2048,26.66,2.1084,40.246
2.5045,24.14,4.382875,55.489
2.2571,19.96,3.949925,48.05
2.1092,30.34,3.6911,57.752
2.8764,24.62,5.0337,63.828
1.5837,31.38,2.771475,48.172
1.5377,23.25,2.690975,41.523
2.2303,27.57,3.9030250000000004,56.453
2.5876,31.37,4.5283,61.725
1.3377,28.96,2.340975,44.148
2.1741,26.8,3.8046750000000005,52.391
1.0226,22.06,1.78955,33.671
1.8792,27.69,3.2885999999999997,47.919
2.4229,22.33,4.240075,51.075
0.6633,20.31,1.1607750000000001,27.542
2.3196,26.78,4.0592999999999995,54.677
0.5386,23.38,0.94255,27.359
2.8959,26.83,5.067825,62.18
1.6717,23.29,2.925475,45.164
1.5227,30.76,2.664725,47.565
2.3011,29.87,4.026925,57.07
1.8082,22.28,3.16435,47.217
2.3271,26.3,4.072425,57.239
0.7119,19.9,1.245825,30.251
1.907,23.81,3.33725,47.957
1.8953,28.35,3.316775,50.536
2.8303,24.37,4.953024999999999,58.892
0.599,24.28,1.04825,29.772
1.632,24.2,2.856,41.943
2.0777,23.28,3.635975,51.346
1.8769,26.49,3.2845750000000002,51.868
0.6854,22.94,1.1994500000000001,29.941
1.9831,26.18,3.470425,50.26
1.0555,22.67,1.8471250000000001,34.803
0.9889,18.98,1.730575,33.315
2.6967,21.98,4.719225,57.035
0.9946,26.53,1.74055,39.125
1.6357,31.82,2.862475,50.098
2.3757,26.85,4.157475,56.323
2.2683,21.92,3.969525,52.18
1.8836,26.0,3.2963,49.922
2.5176,22.72,4.405799999999999,56.511
1.6645,26.88,2.912875,47.067
2.051,27.21,3.5892500000000003,51.354
2.5473,24.34,4.457775,58.277
2.1952,27.33,3.8415999999999997,54.069
2.1046,22.85,3.68305,50.189
1.5153,22.8,2.651775,42.325
1.8958,20.65,3.31765,44.755
1.4902,22.34,2.60785,41.891
2.3607,20.78,4.131225,51.921
1.4511,22.82,2.539425,41.997
1.6666,25.6,2.91655,43.225
2.3886,25.41,4.18005,55.664
1.7591,25.09,3.078425,47.625
1.3451,21.79,2.353925,37.707
2.567,22.97,4.49225,56.149
1.4524,22.33,2.5416999999999996,40.258
2.6118,27.9,4.5706500000000005,60.208
2.4631,30.45,4.3104249999999995,60.237
1.6182,26.3,2.83185,46.528
2.2822,23.37,3.99385,53.182
0.586,28.04,1.0254999999999999,33.427
1.4745,17.81,2.580375,39.312
2.6508,26.56,4.6389,62.41
1.9488,25.49,3.4104,47.84
1.8946,20.67,3.31555,42.407
2.1618,31.22,3.78315,58.098
2.1942,29.83,3.8398499999999998,56.19
1.959,22.98,3.4282500000000002,47.156
1.5516,30.02,2.7153,44.094
0.9587,26.06,1.677725,34.95
1.2316,25.0,2.1553,39.467
1.2323,19.87,2.156525,35.989
1.5769,20.91,2.759575,42.577
2.9976,26.65,5.2458,64.997
1.3814,24.38,2.41745,41.829
1.6184,25.82,2.8322000000000003,47.297
1.4291,24.2,2.500925,42.182
1.9536,29.2,3.4188,54.518
2.8697,25.95,5.021974999999999,60.602
2.7227,27.12,4.764725,60.688
1.4428,20.25,2.5249,37.984
1.1673,24.08,2.042775,35.585
2.711,28.54,4.74425,62.877
1.7346,21.41,3.0355499999999997,44.21
2.2139,28.67,3.8743250000000002,54.161
0.6832,25.52,1.1956,31.429
2.6664,21.03,4.6662,57.032
1.2824,23.81,2.2442,39.188
1.7363,22.44,3.038525,45.177
0.9951,21.64,1.741425,34.859
1.5506,28.23,2.71355,45.366
2.5701,29.6,4.497675,59.417
2.5689,21.62,4.4955750000000005,56.695
1.6842,23.62,2.9473499999999997,43.583
2.4198,24.83,4.23465,56.498
1.6452,24.03,2.8791,44.812
1.4334,26.61,2.50845,44.33
1.8647,30.27,3.2632250000000003,53.948
1.0034,27.06,1.7559500000000001,37.901
1.2914,23.62,2.2599500000000003,40.003
2.2663,25.08,3.966025,53.35
2.4263,22.93,4.2460249999999995,54.083
0.6418,22.27,1.12315,28.99
2.3321,21.27,4.081175,52.441
2.5436,23.29,4.4513,56.74
1.613,25.08,2.82275,43.642
0.6561,27.44,1.148175,32.822
2.2073,22.64,3.862775,52.024
1.1154,24.59,1.9519499999999999,37.181
2.1084,23.2,3.6897,48.837
1.4416,26.51,2.5228,45.8
2.0929,27.13,3.6625750000000004,52.416
1.1453,28.34,2.004275,41.97
1.6913,27.83,2.959775,47.432
1.8117,27.54,3.170475,50.641
2.0775,21.75,3.635625,50.539
1.0079,24.24,1.763825,37.689
2.9051,31.91,5.083925,68.624
1.2228,22.33,2.1399000000000004,36.428
1.2651,26.48,2.2139249999999997,42.298
1.1408,30.06,1.9964,41.706
0.6687,23.41,1.1702249999999998,32.288
1.5573,26.77,2.725275,45.486
2.4296,26.44,4.2518,58.829
2.2739,22.47,3.979325,52.36
0.9889,26.01,1.730575,36.763
0.8423,21.42,1.4740250000000001,31.839
1.3036,22.68,2.2813000000000003,38.729
2.4206,25.07,4.23605,54.499
1.7202,23.79,3.01035,45.761
2.808,26.79,4.914,61.641
2.141,24.52,3.74675,52.992
2.0523,22.29,3.591525,47.54
2.4192,32.26,4.2336,60.328
2.3756,24.31,4.1573,57.863
1.3596,25.6,2.3792999999999997,42.67
1.1425,24.9,1.9993750000000001,37.189
1.5941,24.47,2.789675,44.116
1.7231,26.95,3.015425,47.358
0.8543,25.02,1.4950249999999998,34.887
1.6033,20.9,2.8057749999999997,40.66
2.0996,26.7,3.6743,53.064
0.8393,33.99,1.4687750000000002,40.324
0.8451,20.62,1.4789249999999998,29.666
0.9343,27.92,1.635025,37.324
1.2083,25.25,2.114525,39.749
2.9043,24.17,5.082525,62.408
0.5645,27.66,0.9878750000000001,32.998
0.9593,22.52,1.6787750000000001,32.761
0.9126,24.68,1.5970499999999999,35.144
1.6859,29.14,2.950325,48.906
0.5377,27.46,0.9409749999999999,29.083
1.6454,25.26,2.87945,44.092
0.9073,24.7,1.587775,34.962
1.1741,25.62,2.054675,37.433
2.4811,28.42,4.341925,60.232
0.9602,19.56,1.68035,33.392
2.0428,25.75,3.5749000000000004,52.573
1.5158,19.02,2.65265,40.39
1.544,26.15,2.702,45.129
2.5421,24.89,4.448675,57.352
0.9023,20.89,1.579025,28.791
2.8095,25.65,4.916625,61.32
2.7337,22.14,4.783975,57.859
2.1708,25.2,3.7988999999999997,51.386
0.6236,25.43,1.0913000000000002,34.21
2.1583,22.61,3.777025,49.689
2.0009,23.53,3.5015750000000003,47.614
2.4305,26.54,4.253375,59.285
1.0346,26.93,1.8105499999999999,36.746
2.8834,29.58,5.0459499999999995,65.854
2.7155,25.35,4.752125,60.749
0.7859,23.6,1.3753250000000001,31.007
1.288,28.19,2.254,39.882
0.5811,28.23,1.0169249999999999,32.917
2.5774,27.89,4.51045,60.212
2.7877,24.48,4.878475,61.03
2.9745,24.04,5.205375,63.754
2.0298,26.02,3.5521499999999997,50.163
2.165,22.33,3.7887500000000003,51.001
2.196,30.07,3.8430000000000004,57.113
1.9254,24.34,3.36945,48.971
2.8811,23.04,5.041925,59.776
2.0197,24.35,3.5344749999999996,49.196
1.3393,28.35,2.343775,42.393
1.7822,25.88,3.11885,48.402
0.5467,24.1,0.9567249999999999,29.343
2.3103,21.94,4.043025,52.832
2.2348,24.48,3.9109,53.341
1.5526,21.33,2.71705,39.951
2.6287,22.99,4.600225,55.857
2.3888,25.75,4.1804,57.25
1.3417,25.05,2.347975,39.7
0.6937,27.85,1.213975,32.56
0.8306,28.59,1.45355,36.384
0.9607,29.36,1.681225,36.919
1.2598,23.84,2.20465,39.684
1.6188,28.51,2.8329,49.477
2.82,24.19,4.935,62.99
1.196,26.29,2.093,37.943
2.7465,27.99,4.806375,62.106
2.2012,26.03,3.8521,53.739
2.6337,23.4,4.608975,56.936
1.5081,23.48,2.639175,43.279
0.5082,28.09,0.88935,28.742
2.4674,20.35,4.31795,52.096
1.1137,24.66,1.948975,37.202
0.8562,25.26,1.4983499999999998,33.346
2.4987,24.74,4.372725,55.991
2.2158,21.27,3.8776500000000005,49.301
1.031,22.83,1.80425,35.632
1.169,25.54,2.04575,38.276
2.848,28.26,4.984,62.103
1.1713,24.09,2.049775,35.831
2.256,29.08,3.9479999999999995,55.015
0.8239,21.05,1.441825,30.785
2.5376,23.08,4.440799999999999,57.02
0.794,27.99,1.3895,36.067
1.7901,23.36,3.132675,45.496
0.588,25.21,1.029,29.078
1.8752,25.21,3.2816,50.68
2.6166,26.47,4.5790500000000005,57.763
0.711,23.88,1.2442499999999999,31.282
1.1856,24.86,2.0747999999999998,39.099
2.4117,26.25,4.220475,58.137
2.0202,17.01,3.53535,45.301
1.282,24.09,2.2435,38.075
2.0723,22.63,3.6265249999999996,48.735
1.6368,20.33,2.8644,42.463
2.6559,21.05,4.647825,57.251
1.2323,22.32,2.156525,37.357
2.3943,28.38,4.1900249999999994,56.201
2.0892,22.44,3.6561,49.242
2.3511,23.16,4.114425000000001,55.191
1.4457,25.62,2.529975,43.144
2.3123,22.85,4.046525,52.727
2.2461,21.37,3.9306750000000004,53.739
1.4687,29.02,2.5702249999999998,46.253
0.5661,25.32,0.9906750000000001,30.652
2.9073,24.62,5.087775000000001,61.265
2.284,27.71,3.997,53.83
1.0118,24.3,1.77065,34.102
2.327,25.38,4.07225,55.188
1.1967,25.45,2.0942250000000002,40.695
1.6732,26.81,2.9281,43.582
2.6497,24.71,4.6369750000000005,58.625
1.6202,27.82,2.83535,47.185
1.22,23.66,2.135,37.962
1.2637,25.72,2.211475,40.115
0.6925,22.08,1.211875,29.394
1.0488,22.0,1.8354,34.842
1.1778,22.83,2.06115,37.337
0.9324,30.2,1.6317,39.842
0.6577,23.04,1.1509749999999999,30.307
1.6645,22.64,2.912875,44.137
1.036,23.69,1.8130000000000002,35.265
2.3469,24.32,4.107075,54.493
2.8063,29.04,4.9110249999999995,62.732
1.1825,21.43,2.069375,38.971
1.9306,31.74,3.37855,53.556
1.7668,27.42,3.0919,47.206
0.6878,25.31,1.2036499999999999,34.813
0.8122,25.05,1.4213500000000001,33.979
2.7119,26.09,4.745825,61.3
1.6854,19.35,2.94945,42.419
2.5115,23.65,4.395125,56.882
0.6665,23.03,1.166375,31.179
1.987,27.08,3.47725,49.284
2.6633,21.26,4.660775,54.55
2.6677,29.22,4.668475,61.285
0.5143,24.97,0.900025,28.349
1.8043,22.26,3.157525,46.296
1.4225,23.56,2.4893750000000003,41.354
2.4001,25.29,4.200175,55.1
0.683,24.03,1.1952500000000001,32.458
1.1623,22.88,2.034025,35.476
2.5316,22.48,4.4303,55.394
1.6739,25.16,2.929325,46.074
1.6329,26.43,2.857575,45.181
2.9214,24.93,5.112450000000001,62.071
1.2997,23.0,2.2744750000000002,38.934
0.6043,24.54,1.0575249999999998,28.625
1.4805,23.22,2.590875,42.599
0.8834,28.72,1.54595,36.966
0.7047,23.16,1.233225,29.539
1.9197,28.32,3.3594749999999998,52.226
2.8839,27.75,5.046825,64.232
1.9485,22.06,3.409875,48.283
2.1178,28.38,3.70615,53.372
1.3091,21.08,2.2909249999999997,37.102
1.9278,20.0,3.37365,45.18
2.3806,23.51,4.166049999999999,52.491
1.9732,22.99,3.4531,48.724
2.5069,22.22,4.387074999999999,56.381
1.8762,21.44,3.28335,47.133
0.9954,26.06,1.7419499999999999,36.154
1.9568,17.88,3.4244000000000003,44.698
1.7273,28.87,3.022775,47.273
0.9148,18.29,1.6009,31.685
2.0479,25.98,3.5838249999999996,49.217
2.5424,24.43,4.4492,56.685
0.8377,21.9,1.465975,31.184
1.8624,20.85,3.2592,45.057
2.3342,23.23,4.08485,52.466
1.5075,24.9,2.638125,43.079
1.1751,28.04,2.056425,39.75
1.4307,26.53,2.503725,43.271
1.8542,22.82,3.24485,45.772
2.2167,22.59,3.879225,51.292
1.8979,22.69,3.321325,46.546
0.7676,26.45,1.3433,33.735
2.5447,17.56,4.453225000000001,53.144
2.8096,26.19,4.9168,64.059
0.7532,24.8,1.3181,31.479
1.1238,23.26,1.9666499999999998,36.009
0.9342,25.46,1.6348500000000001,35.826
2.6229,27.71,4.590075,60.992
2.7757,26.53,4.857475,61.613
0.6107,26.63,1.0687250000000001,32.866
1.331,24.12,2.32925,40.93
0.9812,28.23,1.7170999999999998,38.443
1.6738,26.6,2.92915,48.173
2.804,25.54,4.907,61.037
0.6754,25.85,1.18195,34.622
0.9282,26.85,1.62435,35.357
1.7176,25.94,3.0058,46.237
1.8101,23.15,3.167675,45.314
2.3638,25.87,4.1366499999999995,54.457
1.5942,29.41,2.78985,46.03
0.8528,23.19,1.4924,31.052
1.384,23.8,2.4219999999999997,42.806
2.9552,24.13,5.1716,64.14
2.3768,24.85,4.1594,55.886
0.7909,19.5,1.3840750000000002,28.218
2.5205,25.65,4.410875000000001,57.06
1.2773,25.46,2.235275,41.309
2.4535,23.52,4.2936250000000005,54.67
0.5318,23.93,0.9306500000000001,29.644
2.6782,18.39,4.68685,54.263
0.9058,24.44,1.58515,36.158
1.6394,21.99,2.86895,43.494
2.1544,25.19,3.7702,54.078
1.7697,19.03,3.096975,42.721
0.9135,28.18,1.598625,36.312
0.8478,22.88,1.48365,33.348
1.2113,30.88,2.119775,40.735
0.631,23.32,1.10425,28.797
1.0414,23.67,1.8224500000000001,35.218
0.8253,29.11,1.444275,38.487
1.662,24.02,2.9085,43.442
1.3913,22.37,2.434775,39.925
1.9671,24.55,3.442425,48.931
1.2022,26.27,2.10385,36.581
0.5848,27.63,1.0234,32.806
1.3278,30.92,2.32365,44.384
2.388,22.32,4.179,53.882
1.1396,20.64,1.9943,34.157
1.5114,30.52,2.64495,45.738
2.3874,26.9,4.17795,57.863
1.5167,29.72,2.654225,45.041
2.7178,29.06,4.75615,62.594
2.7952,22.19,4.8915999999999995,59.224
1.2763,25.49,2.233525,39.498
2.3399,23.16,4.094825,51.714
1.1328,22.38,1.9824000000000002,34.739
0.8488,24.95,1.4854,36.042
1.5947,22.26,2.790725,42.848
2.0062,30.29,3.5108500000000005,55.102
2.839,25.25,4.96825,61.909
0.8648,24.25,1.5134,32.698
2.2809,27.32,3.991575,55.688
1.6887,27.43,2.955225,49.604
0.8293,26.65,1.451275,34.679
2.9316,23.11,5.1303,60.365
2.2394,26.84,3.9189499999999997,54.168
0.8221,29.89,1.4386750000000001,36.536
2.7644,25.2,4.8377,59.616
0.7577,23.66,1.3259750000000001,30.906
0.7316,27.27,1.2803,34.479
1.3289,22.81,2.3255749999999997,40.912
2.8449,23.11,4.978575,59.403
0.5826,24.23,1.01955,29.32
2.7955,23.72,4.892125,59.475
2.029,23.87,3.55075,51.058
0.6676,23.51,1.1683,31.588
1.9215,29.45,3.362625,51.432
1.647,26.69,2.88225,46.619
1.91,22.22,3.3425,45.3
2.343,26.15,4.10025,55.698
2.1965,27.33,3.8438749999999997,54.725
2.9931,27.72,5.237925000000001,64.906
0.8917,26.65,1.560475,36.75
2.5321,23.92,4.431175,56.241
1.5277,21.96,2.6734750000000003,41.296
2.4583,26.75,4.3020249999999995,58.462
2.7294,22.08,4.7764500000000005,57.868
2.98,20.22,5.215,58.969
1.1651,26.74,2.038925,40.567
1.6323,25.11,2.856525,43.26
2.8569,23.08,4.999575,61.324
2.8643,21.46,5.012525,59.025
1.4322,21.06,2.50635,39.134
2.8505,24.5,4.988375,59.363
1.5147,24.39,2.650725,42.413
1.4369,27.43,2.5145750000000002,42.931
2.3915,17.23,4.185125,50.426
1.678,27.26,2.9364999999999997,47.147
1.6205,23.43,2.835875,42.087
1.4653,22.48,2.5642750000000003,40.168
1.582,28.26,2.7685,45.639
0.8495,23.93,1.486625,33.729
0.6526,23.2,1.14205,27.756
2.385,33.09,4.17375,59.448
1.9112,22.38,3.3446,46.864
2.1797,25.02,3.814475,53.06
2.5058,27.8,4.385149999999999,57.521
1.0753,30.76,1.8817749999999998,40.159
1.0844,23.02,1.8977,36.18
1.1948,26.79,2.0909,40.945
1.2598,22.7,2.20465,38.005
2.4017,25.85,4.202975,58.093
1.4355,21.72,2.512125,40.418
1.308,22.56,2.289,39.515
2.0908,28.58,3.6589000000000005,55.442
0.9664,25.63,1.6912,36.227
0.7661,25.5,1.340675,32.966
2.2428,32.93,3.9249,58.332
2.3911,24.5,4.184424999999999,56.271
1.2409,24.42,2.171575,37.577
2.0901,26.55,3.6576750000000002,52.878
0.5852,21.87,1.0241,27.593
1.5108,28.77,2.6439,45.633
1.9449,26.33,3.403575,51.882
1.1335,24.1,1.983625,36.609
1.3705,23.67,2.398375,39.806
2.0239,26.23,3.541825,50.723
1.9747,25.52,3.4557249999999997,49.678
0.8855,26.18,1.5496249999999998,32.246
2.2665,25.53,3.966375,54.98
0.7001,19.05,1.225175,27.309
2.9243,23.19,5.1175250000000005,61.988
1.0059,23.09,1.760325,35.194
1.1339,23.3,1.984325,37.273
1.0008,27.45,1.7513999999999998,36.686
2.9787,24.31,5.212725,61.001
1.2165,25.53,2.128875,40.326
2.0132,23.37,3.5231,49.789
2.9766,24.3,5.2090499999999995,62.242
2.8752,20.99,5.0316,59.245
0.6059,22.9,1.060325,27.879
1.803,26.22,3.1552499999999997,48.034
2.0033,20.41,3.505775,47.925
2.256,27.57,3.9479999999999995,53.725
1.3398,30.26,2.34465,43.093
1.3198,26.58,2.30965,42.749
0.5107,28.1,0.8937250000000001,32.583
0.5881,24.55,1.029175,29.581
1.8751,22.87,3.281425,45.865
0.6897,28.36,1.206975,33.901
1.0062,28.69,1.76085,36.768
1.3332,27.46,2.3331,43.137
0.6762,23.7,1.1833500000000001,31.491
0.5771,25.72,1.009925,32.711
2.8173,26.16,4.930275,63.304
1.588,26.71,2.779,45.808
1.0122,28.84,1.77135,37.279
2.2711,25.3,3.974425,54.671
0.5236,25.75,0.9162999999999999,29.843
1.1125,25.46,1.9468750000000001,38.073
2.9019,29.4,5.0783249999999995,64.805
2.7442,27.69,4.802350000000001,59.293
2.0898,28.54,3.6571499999999997,55.076
0.733,23.88,1.28275,32.028
1.2951,28.94,2.266425,42.3
0.5698,25.65,0.99715,29.779
1.048,27.08,1.834,36.129
0.5636,30.72,0.9863,34.361
0.8154,23.59,1.42695,32.735
2.083,22.81,3.6452500000000003,48.353
0.7511,24.79,1.314425,30.945
0.8894,25.35,1.55645,33.754
2.757,31.22,4.82475,65.34
1.3386,27.07,2.34255,41.196
1.3325,29.01,2.331875,42.711
0.7163,24.48,1.253525,29.825
2.4898,26.96,4.35715,57.633
2.1909,26.48,3.8340750000000003,54.15
1.8678,29.68,3.26865,52.113
2.0448,25.16,3.5784,49.095
0.751,25.13,1.31425,33.841
1.1508,26.23,2.0139,38.776
1.9591,21.95,3.4284250000000003,47.18
2.8806,25.18,5.041049999999999,62.285
2.5428,26.4,4.4499,57.02
2.1018,19.64,3.6781499999999996,46.31
1.797,26.57,3.1447499999999997,48.476
0.5378,24.13,0.9411499999999999,30.718
2.7268,25.2,4.7719,59.209
0.6671,22.54,1.1674250000000002,28.395
0.8227,31.77,1.439725,36.774
2.2327,25.28,3.907225,53.843
2.5304,27.96,4.4282,59.662
2.4664,28.96,4.3162,59.632
1.631,26.09,2.85425,43.688
0.9426,26.76,1.64955,36.984
0.5883,24.68,1.029525,29.705
2.6284,25.9,4.5997,58.661
2.9442,25.26,5.15235,63.031
1.1103,24.26,1.943025,37.542
2.6652,28.18,4.6641,61.763
1.5063,26.9,2.636025,43.361
1.2784,23.03,2.2372,39.559
1.7629,24.54,3.085075,46.072
0.5204,24.63,0.9107,30.037
1.6068,24.59,2.8119,42.526
0.9989,21.39,1.748075,34.879
2.2811,24.13,3.9919249999999997,53.821
1.7564,24.2,3.0737,45.345
2.6721,27.21,4.676175,59.149
2.7416,23.56,4.7978000000000005,59.039
1.2919,29.05,2.260825,44.495
1.201,31.03,2.10175,41.737
2.8478,24.11,4.98365,62.859
1.76,21.59,3.08,46.522
0.7413,30.92,1.297275,37.198
0.6147,24.9,1.075725,31.316
2.9761,23.45,5.208175000000001,63.474
1.9479,26.86,3.4088249999999998,49.938
0.6362,25.98,1.11335,31.58
1.7781,27.64,3.111675,49.997
1.7603,23.05,3.0805249999999997,46.602
1.5885,31.46,2.779875,48.857
2.8782,23.99,5.03685,60.354
2.8719,26.74,5.025825,63.734
0.8124,25.19,1.4217,31.17
0.8793,27.76,1.538775,38.308
1.5187,21.89,2.657725,42.535
2.5851,23.96,4.523925,58.063
2.0594,27.27,3.60395,52.865
2.3246,28.55,4.06805,57.306
1.9401,21.95,3.395175,46.716
1.0251,24.59,1.7939249999999998,35.59
2.5444,19.83,4.4527,54.553
0.5351,27.35,0.9364250000000001,29.793
2.2462,24.72,3.93085,53.224
0.9858,25.73,1.72515,35.034
1.6777,23.84,2.935975,43.982
2.9378,24.93,5.1411500000000006,62.281
1.8476,24.05,3.2333,46.224
0.6424,26.83,1.1241999999999999,32.157
1.5719,29.68,2.7508250000000003,47.342
2.1507,22.32,3.763725,47.862
0.6418,24.87,1.12315,30.73
1.1316,24.97,1.9803,36.923
0.5458,25.92,0.9551499999999999,30.725
1.8502,24.85,3.23785,45.809
1.4537,23.6,2.543975,42.03
1.7592,25.17,3.0786000000000002,44.342
1.2396,26.6,2.1693000000000002,40.887
2.142,23.17,3.7485,52.207
0.9327,24.7,1.632225,34.703
2.7666,25.05,4.84155,61.547
2.9002,25.84,5.07535,62.061
1.7325,20.22,3.031875,42.836
1.6635,25.8,2.911125,46.599
2.649,23.02,4.63575,59.721
1.2246,23.89,2.1430499999999997,38.805
2.5078,23.91,4.38865,59.276
1.2183,25.56,2.132025,41.736
2.2999,23.55,4.024825,51.796
1.335,24.22,2.3362499999999997,38.972
2.0065,29.5,3.511375,53.495
2.8147,27.21,4.925725,64.527
0.6358,22.97,1.1126500000000001,29.277
2.5181,22.22,4.406675,54.656
1.8546,21.73,3.24555,46.562
1.4477,26.01,2.533475,41.172
1.3757,22.39,2.407475,37.775
0.6735,24.61,1.178625,31.498
1.1459,21.83,2.005325,35.227
2.0578,22.4,3.6011499999999996,48.147
0.744,24.06,1.302,34.431
2.1735,23.03,3.8036250000000003,50.926
2.9056,23.99,5.0848,62.522
2.9519,25.24,5.165825,64.711
2.7231,26.74,4.7654250000000005,61.913
2.5165,27.0,4.403875,56.49
0.9449,25.97,1.653575,35.325
2.9254,22.3,5.11945,61.14
1.0068,30.07,1.7618999999999998,39.94
